{"cameraMode":{"drawMode":0,"name":"Shaded","section":"Shading Mode"},"sceneLighting":true,"audioPlay":false,"sceneViewState":{"m_AlwaysRefresh":false,"showFog":true,"showSkybox":true,"showFlares":true,"showImageEffects":true,"showParticleSystems":true,"showVisualEffectGraphs":true,"m_FxEnabled":true},"in2DMode":false,"pivot":{"x":-0.7325669527053833,"y":5.374111652374268,"z":3.923828601837158},"rotation":{"x":0.3434843122959137,"y":-0.01040603406727314,"z":0.003694535931572318,"w":0.9395579695701599},"size":6.299467086791992,"orthographic":false}