{"cameraMode":{"drawMode":0,"name":"Shaded","section":"Shading Mode"},"sceneLighting":true,"audioPlay":false,"sceneViewState":{"m_AlwaysRefresh":false,"showFog":true,"showSkybox":true,"showFlares":true,"showImageEffects":true,"showParticleSystems":true,"showVisualEffectGraphs":true,"m_FxEnabled":true},"in2DMode":false,"pivot":{"x":1.2489060163497925,"y":9.261091232299805,"z":-1.1032804250717164},"rotation":{"x":0.23828455805778504,"y":0.5246886014938355,"z":-0.15591080486774445,"w":0.8025489449501038},"size":3.054025173187256,"orthographic":false}